time (s),cos(2t)
0,1
0.1,0.980066578
0.2,0.921060994
0.3,0.825335615
0.4,0.696706709
0.5,0.540302306
0.6,0.362357754
0.7,0.169967143
0.8,-0.029199522
0.9,-0.227202095
1,-0.416146837
1.1,-0.588501117
1.2,-0.737393716
1.3,-0.856888753
1.4,-0.942222341
1.5,-0.989992497
1.6,-0.998294776
1.7,-0.966798193
1.8,-0.896758416
1.9,-0.790967712
2,-0.653643621
