time (s),sin(t)
0,0
0.1,0.099833417
0.2,0.198669331
0.3,0.295520207
0.4,0.389418342
0.5,0.479425539
0.6,0.564642473
0.7,0.644217687
0.8,0.717356091
0.9,0.78332691
1,0.841470985
1.1,0.89120736
1.2,0.932039086
1.3,0.963558185
1.4,0.98544973
1.5,0.997494987
1.6,0.999573603
1.7,0.99166481
1.8,0.973847631
1.9,0.946300088
2,0.909297427
