{
    "class": "curvefit",
    "control_points_shown": 1,
    "degree": 4,
    "knots_shown": 1,
    "latex": 1,
    "name": "sin_x_p4_centripetal",
    "nbi": 1,
    "samples": [
        [
            0,
            0
        ],
        [
            0.05,
            0.309016994
        ],
        [
            0.1,
            0.587785252
        ],
        [
            0.15,
            0.809016994
        ],
        [
            0.2,
            0.951056516
        ],
        [
            0.25,
            1
        ],
        [
            0.3,
            0.951056516
        ],
        [
            0.35,
            0.809016994
        ],
        [
            0.4,
            0.587785252
        ],
        [
            0.45,
            0.309016994
        ],
        [
            0.5,
            0.0
        ]
    ],
    "sample_time_method": "centripetal",
    "samples_shown": 1,
    "serialize": 1,
    "verbosity": 1,
    "xticks": [
        0.0,
        0.25,
        0.50
    ]
}