# Bob-63c ts=90, max(eig(GL strain)) 95th percentile
0,0.014874438669922739
10000,0.014874438669922739
