# Bob-63c ts=90, max(eig(GL strain rate)) 95th percentile
78.10652105534592,0.0
78.10652105534592,1.0
