# 3D points (x, y, z) for Bezier curve recovery from B-spline basis.  Sine 1 Hz.
0.0, 0.0, 0.0
0.125, 0.707106781, 0.0
0.25, 1.0, 0.0
0.375, 0.707106781, 0.0
0.5, 0.0, 0.0
0.625, -0.707106781, 0.0
0.75, -1.0, 0.0
0.875, -0.707106781, 0.0
1.0, 0.0, 0.0
1.125, 0.707106781, 0.0
1.25, 1.0, 0.0
1.375, 0.707106781, 0.0
1.5, 0.0, 0.0
1.625, -0.707106781, 0.0
1.75, -1.0, 0.0
1.875, -0.707106781, 0.0